receptor_id,seq_pos,aa,region,gpcrdb_number
adrb2_human,80,D,TM3,3x32
adrb2_human,130,D,TM3,3x49
adrb2_human,131,R,TM3,3x50
adrb2_human,132,Y,TM3,3x51
adrb2_human,141,A,ICL2,
adrb2_human,222,F,TM6,6x44
adrb2_human,226,W,TM6,6x48
adrb2_human,327,N,TM7,7x49
adrb2_human,328,P,TM7,7x50
adrb2_human,329,L,TM7,7x51
adrb2_human,341,F,H8,8x50
m3_human,148,D,TM3,3x49
m3_human,149,R,TM3,3x50
m3_human,150,Y,TM3,3x51
m3_human,161,K,ICL2,
m3_human,503,W,TM6,6x48
m3_human,517,N,TM7,7x49
m3_human,518,P,TM7,7x50
m3_human,529,F,H8,8x50
